{
  "timestamp": "2026-07-18T18:28:31.774442",
  "config": {
    "embedding_model": "BAAI/bge-m3",
    "reranker_model": "BAAI/bge-reranker-v2-m3",
    "reranker_skipped": true,
    "device": "cpu",
    "use_fp16": false,
    "batch_size": 4,
    "hybrid_dense_weight": 1.0,
    "hybrid_sparse_weight": 0.3,
    "reranker_top_n": 100,
    "corpus_size": 851,
    "num_queries": 110,
    "k_values": [
      1,
      3,
      5,
      7,
      10
    ]
  },
  "results": {
    "dense": {
      "MRR@1": 0.345455,
      "NDCG@1": 0.345455,
      "Recall@1": 0.345455,
      "Precision@1": 0.345455,
      "MAP@1": 0.345455,
      "HitRate@1": 0.345455,
      "MRR@3": 0.368182,
      "NDCG@3": 0.376298,
      "Recall@3": 0.4,
      "Precision@3": 0.133333,
      "MAP@3": 0.368182,
      "HitRate@3": 0.4,
      "MRR@5": 0.375,
      "NDCG@5": 0.388044,
      "Recall@5": 0.427273,
      "Precision@5": 0.085455,
      "MAP@5": 0.375,
      "HitRate@5": 0.427273,
      "MRR@7": 0.376299,
      "NDCG@7": 0.391074,
      "Recall@7": 0.436364,
      "Precision@7": 0.062338,
      "MAP@7": 0.376299,
      "HitRate@7": 0.436364,
      "MRR@10": 0.378571,
      "NDCG@10": 0.39681,
      "Recall@10": 0.454545,
      "Precision@10": 0.045455,
      "MAP@10": 0.378571,
      "HitRate@10": 0.454545
    },
    "sparse": {
      "MRR@1": 0.327273,
      "NDCG@1": 0.327273,
      "Recall@1": 0.327273,
      "Precision@1": 0.327273,
      "MAP@1": 0.327273,
      "HitRate@1": 0.327273,
      "MRR@3": 0.35,
      "NDCG@3": 0.358116,
      "Recall@3": 0.381818,
      "Precision@3": 0.127273,
      "MAP@3": 0.35,
      "HitRate@3": 0.381818,
      "MRR@5": 0.351818,
      "NDCG@5": 0.361633,
      "Recall@5": 0.390909,
      "Precision@5": 0.078182,
      "MAP@5": 0.351818,
      "HitRate@5": 0.390909,
      "MRR@7": 0.356364,
      "NDCG@7": 0.371348,
      "Recall@7": 0.418182,
      "Precision@7": 0.05974,
      "MAP@7": 0.356364,
      "HitRate@7": 0.418182,
      "MRR@10": 0.358409,
      "NDCG@10": 0.376844,
      "Recall@10": 0.436364,
      "Precision@10": 0.043636,
      "MAP@10": 0.358409,
      "HitRate@10": 0.436364
    },
    "hybrid": {
      "MRR@1": 0.363636,
      "NDCG@1": 0.363636,
      "Recall@1": 0.363636,
      "Precision@1": 0.363636,
      "MAP@1": 0.363636,
      "HitRate@1": 0.363636,
      "MRR@3": 0.383333,
      "NDCG@3": 0.389934,
      "Recall@3": 0.409091,
      "Precision@3": 0.136364,
      "MAP@3": 0.383333,
      "HitRate@3": 0.409091,
      "MRR@5": 0.385606,
      "NDCG@5": 0.39385,
      "Recall@5": 0.418182,
      "Precision@5": 0.083636,
      "MAP@5": 0.385606,
      "HitRate@5": 0.418182,
      "MRR@7": 0.389719,
      "NDCG@7": 0.403149,
      "Recall@7": 0.445455,
      "Precision@7": 0.063636,
      "MAP@7": 0.389719,
      "HitRate@7": 0.445455,
      "MRR@10": 0.390729,
      "NDCG@10": 0.405885,
      "Recall@10": 0.454545,
      "Precision@10": 0.045455,
      "MAP@10": 0.390729,
      "HitRate@10": 0.454545
    }
  }
}